N,Prime Count,Time (s)
10,4,0.0
100,25,0.0
1000,168,0.0
10000,1229,0.002434968948364258
100000,9592,0.03266596794128418
1000000,78498,0.48456549644470215
